ciudad,ambiente,sitio,parche,planta,ID,ind1_gr,ind2_gr,ind3_gr,ind4_gr,ind5_gr,promedio,sla,tricomas,P_mg_Kg,C_porcentaje,K_Cmol_Kg,N_porcentaje,CN_ratio,C_porc_suelo,N_porc_suelo
cam,r,1,1,m1,cam_r11m1,0.0089,0.0111,0.0118,0.0088,NA,0.01015,20.7881773399015,4.5,233.353809523809,40.6572350726197,46.25,1.75862068965517,23.1188199432544,3.72,0.17
cam,r,1,1,m2,cam_r11m2,NA,NA,NA,NA,NA,NA,NA,NA,273.690952380952,39.4496817923113,46,1.365,28.900865781913,2.44,0.13
cam,r,1,2,m1,cam_r12m1,NA,NA,NA,NA,NA,NA,NA,NA,749.521890547264,53.0068181818182,41.25,2.36764705882353,22.3879728966685,3.86,0.27
cam,r,1,2,m2,cam_r12m2,0.0108,0.0083,0.0097,0.011,0.0117,0.0103,20.4854368932039,8.1,255.960096153846,37.9126992767711,55.375,1.24137931034483,30.54078552851,1.74,0.13
cam,r,2,1,m1,cam_r21m1,0.0066,0.0091,0.0068,0.0067,0.0052,0.00688,30.6686046511628,24.6,738.183009708738,34.1279376623377,42.125,2.05882352941176,16.5764268645641,3.78,0.23
cam,r,2,1,m2,cam_r21m2,0.0102,0.0091,0.0134,0.0109,0.0102,0.01076,19.6096654275093,14.3,969.91690821256,36.6986549165121,64.375,2.88235294117647,12.7321863996062,7.18,0.57
cam,r,2,2,m1,cam_r22m1,0.0055,0.0044,0.0047,0.0066,0.0064,0.00552,38.2246376811594,9.2,523.187922705314,35.8714285714286,55.125,1.67164179104478,21.4588010204081,2.3,0.1
cam,r,2,2,m2,cam_r22m2,0.0022,0.0058,0.0074,0.0067,0.0091,0.00624,33.8141025641026,18.1,228.71512195122,33.2882963190656,67,1.54411764705882,21.558134759014,3.94,0.23
cam,r,3,1,m1,cam_r31m1,0.0066,0.0093,0.0137,0.0118,0.0148,0.01124,18.7722419928826,18.3,392.08640776699,34.1160086925027,75.125,1.56716417910448,21.7692626895017,2.62,0.17
cam,r,3,1,m2,cam_r31m2,0.0094,0.0129,0.0098,0.0104,NA,0.010625,19.8588235294118,5.1875,875.250970873787,41.2713133020825,56.75,1.66336633663366,24.8119204970854,3.05,0.27
cam,r,3,2,m1,cam_r32m1,NA,NA,NA,NA,NA,NA,NA,NA,295.581862745098,46.4274147323849,32,1.56716417910448,29.6251122578075,5.65,0.17
cam,r,3,2,m2,cam_r32m2,0.0095,0.0097,0.013,0.0099,0.0103,0.01048,20.1335877862595,13.55,413.828712871287,39.9203411972643,28.25,1.84390243902439,21.6499204905798,5.96,1.08
cam,r,4,1,m1,cam_r41m1,0.0072,0.0096,0.008,0.0078,0.0052,0.00756,27.9100529100529,21.75,1562.32910798122,44.2871992549283,40.5,1.75,25.3069710028162,4.32,0.25
cam,r,4,1,m2,cam_r41m2,0.0073,0.0072,0.0033,0.0058,0.0037,0.00546,38.6446886446886,5.45,756.545771144279,41.1441480675014,45.125,1.76732673267327,23.2804423239083,4.4,0.27
cam,r,4,2,m1,cam_r42m1,0.0055,0.0058,0.0043,0.0044,0.0056,0.00512,41.2109375,5.5,1355.26328502415,44.2188888035042,38.5,2.39108910891089,18.493199872273,7.65,0.37
cam,r,4,2,m2,cam_r42m2,0.0071,0.0063,0.0075,0.0082,0.0083,0.00748,28.2085561497326,22.35,1082.22583732057,43.4563992667373,32.875,2.05882352941176,21.1073939295582,5.63,0.2
cam,r,5,1,m1,cam_r51m1,0.0065,0.0066,0.0083,0.0072,0.009,0.00752,28.0585106382979,12.35,1596.49134615385,45.1338253825382,29.125,1.56716417910448,28.7996790536196,4.03,0.67
cam,r,5,1,m2,cam_r51m2,0.0045,0.0046,0.004,0.0039,0.0037,0.00414,50.9661835748792,8.25,1327.98212560386,40.3751486234787,26.25,1.6551724137931,24.3933189600184,4.42,0.24
cam,r,5,2,m1,cam_r52m1,0.006,0.0081,0.0115,0.0068,0.0075,0.00798,26.4411027568922,101.15,447.834803921569,36.9818906193408,41,2.36764705882353,15.6196805100321,2.31,0.17
cam,r,5,2,m2,cam_r52m2,0.0067,0.0092,0.0122,0.014,0.0108,0.01058,19.9432892249527,14.4,369.41327014218,44.384068227182,27.625,1.88059701492537,23.6010521525492,7.72,0.49
cam,u,1,1,m1,cam_u11m1,0.0041,0.0051,0.0049,0.0025,0.0038,0.00408,51.7156862745098,3.05,845.8,47.9246161759033,36.625,2.07920792079208,23.0494582560297,2.45,0.2
cam,u,1,1,m2,cam_u11m2,0.0035,0.0046,0.0023,0.0041,0.004,0.0037,57.027027027027,3.35,1055.20574162679,44.7521372328459,26.75,2.48275862068965,18.0251663854519,5.36,0.25
cam,u,1,2,m1,cam_u12m1,0.0081,0.0026,0.0027,0.0041,0.0033,0.00416,50.7211538461538,2.6,668.747263681592,46.4476388422711,37,2.29850746268657,20.2077389768322,6.49,0.41
cam,u,1,2,m2,cam_u12m2,0.0029,0.0018,0.0042,0.0021,0.0019,0.00258,81.7829457364341,6.15,1219.78509615385,47.1841056379518,29.125,2.16176470588235,21.8266611114335,3.47,0.3
cam,u,2,1,m1,cam_u21m1,0.0047,0.0024,0.0065,0.0053,0.0062,0.00502,42.0318725099602,7.55,980.147342995169,42.0008855955178,46.75,2.07920792079208,20.2004259292728,4.66,0.37
cam,u,2,1,m2,cam_u21m2,0.0026,0.0025,0.0039,0.0038,0.0038,0.00332,63.5542168674699,3,1280.24009661836,44.8795808152244,38.75,2.19402985074627,20.4553191470751,6.5,0.34
cam,u,2,2,m1,cam_u22m1,0.0066,0.0061,0.0073,0.0054,0.0052,0.00612,34.4771241830065,2.6,1683.42296650718,46.7705115397423,32.125,2.7029702970297,17.3033760641538,2.24,0.2
cam,u,2,2,m2,cam_u22m2,0.0048,0.0048,0.005,0.0055,0.0054,0.0051,41.3725490196078,4.7,1306.50390243902,48.7968636106976,34.875,2.08955223880597,23.3527847279767,4.42,0.3
cam,u,3,1,m1,cam_u31m1,0.004,0.0058,0.0055,0.006,0.0071,0.00568,37.1478873239437,7.35,784.641293532338,43.8753528522759,47.125,2.37931034482759,18.4403656915362,4.69,0.23
cam,u,3,1,m2,cam_u31m2,0.0055,0.0073,0.0056,0.053,0.0067,0.01562,13.5083226632522,2,727.691346153846,38.3473579465721,46,2.92537313432836,13.1085356245935,3.59,0.27
cam,u,3,2,m1,cam_u32m1,0.0049,0.0045,0.0063,0.0061,0.0054,0.00544,38.7867647058823,4.8,651.187562189055,33.9411453357775,81.25,1.66336633663366,20.4050933268663,4.43,0.27
cam,u,3,2,m2,cam_u32m2,0.0048,0.005,0.0071,0.0089,0.005,0.00616,34.2532467532468,2.2,1935.86634615385,46.9557412884146,33.5,1.87128712871287,25.0927506356078,6.85,0.47
cam,u,4,1,m1,cam_u41m1,0.0082,0.0092,0.0103,0.0106,0.0065,0.00896,23.5491071428571,8.4,1055.27417840376,42.7807419671961,32.25,2.205,19.4016970372771,3.01,0.17
cam,u,4,1,m2,cam_u41m2,0.0063,0.0093,0.0112,0.0091,0.0072,0.00862,24.4779582366589,6.75,2194.15893719807,45.4881534967979,45.5,1.64705882352941,27.6178074801988,,
cam,u,4,2,m1,cam_u42m1,0.0042,0.0043,0.0042,0.0041,0.0038,0.00412,51.2135922330097,1.5,1098.76138613861,33.2393475572047,41.5,1.85294117647059,17.9386955070628,4.25,0.4
cam,u,4,2,m2,cam_u42m2,0.0066,0.0076,0.0066,0.0061,0.0064,0.00666,31.6816816816817,1.6,653.532380952381,31.3861471861472,45.5,2.28712871287129,13.7229474709994,4.27,0.34
cam,u,5,1,m1,cam_u51m1,0.0089,0.0061,0.0079,0.0105,0.0094,0.00856,24.6495327102804,2.05,912.362380952381,37.5890981528432,53.125,1.97524752475248,19.0300697415396,2.2,0.17
cam,u,5,1,m2,cam_u51m2,0.0114,0.0081,0.0125,0.0089,0.0126,0.0107,19.7196261682243,4.9,896.73756097561,37.365796579658,33.75,1.85294117647059,20.165667995371,2.98,0.27
cam,u,5,2,m1,cam_u52m1,0.005,0.0041,0.0048,0.0041,0.0066,0.00492,42.8861788617886,5.7,1271.38480392157,43.0084454467688,47.875,1.77611940298507,24.2148390330548,2.04,0.2
cam,u,5,2,m2,cam_u52m2,0.0079,0.0082,0.0049,0.0073,0.0071,0.00708,29.8022598870056,4.05,845.13380952381,37.0721557420968,31.625,1.98507462686567,18.6754468775977,3.56,0.23
cun,r,1,1,m1,cun_r11m1,0.004,0.0084,0.0108,0.0105,0.0116,0.00906,23.2891832229581,12.4666666666667,448.572511848341,42.6166769738198,33.5,2.7029702970297,15.7666094298747,2.75,0.13
cun,r,1,1,m2,cun_r11m2,NA,NA,NA,NA,NA,NA,NA,NA,1731.2213592233,40.1805220420605,46.5,1.67164179104478,24.0365622930183,8.74,0.54
cun,r,1,2,m1,cun_r12m1,0.0035,0.0059,0.008,0.0101,0.0066,0.00682,30.9384164222874,5.6,812.942307692308,35.2405184456977,43.875,2.73,12.9086148152739,10.32,0.6
cun,r,1,2,m2,cun_r12m2,0.0071,0.0052,0.0066,0.0083,0.0072,0.00688,30.6686046511628,5.5,1253.43461538462,41.9412810742152,34.375,2.205,19.0209891493039,6.98,0.37
cun,r,2,1,m1,cun_r21m1,0.0117,0.0066,0.01,0.0089,0.0101,0.00946,22.3044397463002,2.8,415.191387559809,42.4696806175932,54.5,2.61194029850746,16.2598205793071,5.19,0.23
cun,r,2,1,m2,cun_r21m2,0.0104,0.0096,0.0093,0.0091,0.0096,0.0096,21.9791666666667,3.4,502.194202898551,36.3156559975458,61.75,2.82089552238806,12.873803977966,7.37,0.47
cun,r,2,2,m1,cun_r22m1,0.0164,0.0102,0.0117,0.0123,0.0121,0.01254,16.8261562998405,2.35,737.336231884058,40.5099376623377,34.375,2.18316831683168,18.5555723532704,3.88,0.2
cun,r,2,2,m2,cun_r22m2,0.01,0.0137,0.0114,0.0091,0.0078,0.0104,20.2884615384615,6.65,458.483653846154,40.4104152257998,52.5,3.11881188118812,12.9569902787485,5.51,0.3
cun,r,3,1,m1,cun_r31m1,0.0071,0.0056,0.006,0.0075,0.006,0.00644,32.7639751552795,9.45,1645.74807692308,40.0295826702941,49.625,2.71641791044776,14.7361650489544,2.32,0.07
cun,r,3,1,m2,cun_r31m2,0.0068,0.0065,0.0064,0.0056,0.0058,0.00622,33.9228295819936,6,762.907462686567,40.5807264448699,68.75,2.40298507462687,16.8876315019024,5.77,0.37
cun,r,3,2,m1,cun_r32m1,0.0135,0.0154,0.0107,0.0092,0.0097,0.0117,18.034188034188,3.05,569.311004784689,39.8356822664515,66.25,2.625,15.1754980062672,4.16,0.2
cun,r,3,2,m2,cun_r32m2,0.0129,0.0128,0.0123,0.0107,0.0155,0.01284,16.4330218068536,6.25,492.897115384615,37.2976602762317,74,2.71641791044776,13.730457354437,6.11,0.3
cun,r,4,1,m1,cun_r41m1,NA,NA,NA,NA,NA,NA,NA,NA,389.656730769231,41.8072613894043,48.5,3.11881188118812,13.404867937555,8.38,0.71
cun,r,4,1,m2,cun_r41m2,0.0088,0.0074,0.0114,0.0055,0.0073,0.00808,26.1138613861386,9,404.314705882353,40.938601280841,39,3.22277227722772,12.7029146831488,5.84,0.47
cun,r,4,1,m1,cun_r42m1,0.0067,0.0058,0.0062,0.0055,0.0076,0.00636,33.1761006289308,4.71666666666667,915.623414634147,36.8351370851371,53.875,2.68965517241379,13.6951150701151,4.83,0.2
cun,r,4,2,m2,cun_r42m2,NA,NA,NA,NA,NA,NA,NA,NA,590.282352941177,32.7593261069639,77.625,3.13432835820895,10.4517849960314,4.81,0.17
cun,r,5,1,m1,cun_r51m1,0.009,0.0086,0.0081,0.0077,0.0064,0.00796,26.5075376884422,NA,830.149038461539,38.5695990517419,56.75,2.98529411764706,12.9198656922091,5.19,0.33
cun,r,5,1,m2,cun_r51m2,0.0075,0.0079,0.0082,0.0065,0.0063,0.00728,28.9835164835165,18.8,1213.78522167488,36.4014332281265,45.625,3.01485148514851,12.0740386076873,3.29,0.17
cun,r,5,2,m1,cun_r52m1,0.0061,0.0088,0.0073,0.008,0.0082,0.00768,27.4739583333333,NA,1108.89807692308,35.5887928804263,52.125,3.51724137931034,10.118382289533,4.61,0.3
cun,r,5,2,m2,cun_r52m2,0.0084,0.008,0.0056,0.0057,0.0047,0.00648,32.5617283950617,8.5,598.450485436893,35.4677117754041,68.75,3.31034482758621,10.71420459882,4.24,0.27
cun,u,1,1,m1,cun_u11m1,0.0066,0.0057,0.0051,0.0054,0.0041,0.00538,39.2193308550186,8.35,578.13679245283,65.938209702822,74.25,2.28712871287129,28.8301263202814,3.37,0.23
cun,u,1,1,m2,cun_u11m2,0.0068,0.0067,0.006,0.006,0.0063,0.00636,33.1761006289308,3.9,613.344230769231,26.6168242014396,90.75,2.06896551724138,12.8647983640291,3.7,0.17
cun,u,1,2,m1,cun_u12m1,0.0054,0.0038,0.0039,0.004,0.0041,0.00424,49.7641509433962,5.7,650.253658536585,33.9253734407885,76.625,2.05882352941176,16.478038528383,2.8,0.07
cun,u,1,2,m2,cun_u12m2,0.0045,0.0056,0.0047,0.0062,0.0064,0.00548,38.5036496350365,8.75,765,30.5853344284174,89.125,1.96551724137931,15.5609596214755,6.04,0.4
cun,u,2,1,m1,cun_u21m1,0.0051,0.007,0.006,0.0048,0.0071,0.006,35.1666666666667,5.25,720.108823529412,35.838981612447,76.75,2.5990099009901,13.789474829932,6.94,0.13
cun,u,2,1,m2,cun_u21m2,0.0072,0.0052,0.0055,0.0041,0.0068,0.00576,36.6319444444444,6.65,1081.29428571429,40.1371367336004,61.75,2.92537313432836,13.7203477609756,2.72,0.1
cun,u,2,2,m1,cun_u22m1,0.0099,0.0074,0.0076,0.0078,0.0067,0.00788,26.7766497461929,16.95,822.752153110048,33.053833346141,84.5,2.49504950495049,13.2477665395248,4.92,0.33
cun,u,2,2,m2,cun_u22m2,0.0058,0.0056,0.0052,0.0086,0.0107,0.00718,29.3871866295265,14.35,977.199029126214,32.9539359650251,79.375,2.26470588235294,14.5510886079332,3.96,0.23
cun,u,3,1,m1,cun_u31m1,0.0078,0.0066,0.0054,0.0058,0.0083,0.00678,31.1209439528024,22.3,781.653588516747,37.1820294784581,71.25,2.07920792079208,17.882785606306,5.18,0.27
cun,u,3,1,m2,cun_u31m2,0.0062,0.0068,0.0074,0.0074,0.0081,0.00718,29.3871866295265,15,1034.72173913043,33.9253734407885,70,2.79310344827586,12.146121355344,6.34,0.54
cun,u,3,2,m1,cun_u32m1,0.005,0.0053,0.0097,0.0073,0.0081,0.00708,29.8022598870056,8.6,809.953623188406,31.7268432355047,72.25,2.48275862068965,12.7788674143005,6.51,0.33
cun,u,3,2,m2,cun_u32m2,0.0056,0.0062,0.0062,0.0061,0.0058,0.00598,35.2842809364548,5.75,650.253658536585,33.5660108354719,73.5,2.5990099009901,12.9149222643149,3.29,0.17
cun,u,4,1,m1,cun_u41m1,0.0043,0.0075,0.0069,0.0058,0.0047,0.00584,36.1301369863014,11.7,893.822857142857,37.9106224452838,69,2.18316831683168,17.3649563128058,7.29,0.6
cun,u,4,1,m2,cun_u41m2,0.01,0.0066,0.0083,0.0077,0.0078,0.00808,26.1138613861386,7.9,852.92,35.6788291074005,52.5,3.10344827586207,11.4965116012735,7.35,0.5
cun,u,4,2,m1,cun_u42m1,NA,NA,NA,NA,NA,NA,NA,NA,2189.68405797102,43.0792001649145,37.125,2.7029702970297,15.9377260683384,8.45,0.64
cun,u,4,2,m2,cun_u42m2,NA,NA,NA,NA,NA,NA,NA,NA,1446.22028985507,39.9271584415584,51.375,3.43069306930693,11.6382193437154,8.64,0.4
cun,u,5,1,m1,cun_u51m1,0.0063,0.0046,0.0079,0.0093,0.0078,0.00718,29.3871866295265,NA,980.673786407767,33.9443671407957,59.375,2.80693069306931,12.0930549602129,4.45,0.23
cun,u,5,1,m2,cun_u51m2,0.0097,0.0071,0.0071,0.0101,0.0089,0.00858,24.5920745920746,15.45,1645.39024390244,38.4197127037992,56.5,2.49504950495049,15.3983769169989,5,0.27
cun,u,5,2,m1,cun_u52m1,0.0057,0.0052,0.0066,0.0067,0.0047,0.00578,36.5051903114187,10.45,583.642857142857,32.988766745066,72.5,1.95588235294118,16.8664371328157,7.82,0.34
cun,u,5,2,m2,cun_u52m2,0.004,0.0038,0.0037,0.0034,0.004,0.00378,55.8201058201058,2.1,1249.11594202899,38.4145568149544,52.875,2.92537313432836,13.1315066663364,3.28,0.1
mid,r,1,1,m1,mid_r11m1,0.0071,0.0074,NA,NA,NA,0.00725,29.1034482758621,9.125,185.948317307692,34.7448415584416,3.55128205128205,2.09,16.6243261045175,3.41,0.23
mid,r,1,1,m2,mid_r11m2,0.0079,0.0075,NA,NA,NA,0.0077,27.4025974025974,8.875,162.811594202899,38.8050807475957,2.56410256410256,1.76,22.0483413338612,10.69,1.34
mid,r,1,2,m1,mid_r12m1,0.0054,0.0075,NA,NA,NA,0.00645,32.7131782945736,12.25,157.852870813397,39.3507215007215,3.26923076923077,1.92,20.4951674482924,6.56,0.08
mid,r,1,2,m2,mid_r12m2,0.0086,0.0077,NA,NA,NA,0.00815,25.8895705521472,8.375,1221.31971153846,37.6119017616047,3.71794871794872,1.76,21.3703987281845,6.2,0.37
mid,r,2,1,m1,mid_r21m1,0.0052,0.006,NA,NA,NA,0.0056,37.6785714285714,4.1875,1091.22976190476,37.9796006365176,3.70512820512821,2.77,13.7110471611977,5.37,0.47
mid,r,2,1,m2,mid_r21m2,0.0044,0.0049,NA,NA,NA,0.00465,45.3763440860215,NA,244.25,37.5738210507441,5.42307692307692,2.07,18.1516043723401,7.32,0.5
mid,r,2,2,m1,mid_r22m1,NA,NA,NA,NA,NA,NA,NA,NA,216.406097560976,42.7900535971965,3.19230769230769,0,NA,11.58,0.7
mid,r,2,2,m2,mid_r22m2,NA,NA,NA,NA,NA,NA,NA,NA,269.151162790698,41.1030917800148,2.33333333333333,2.43,16.9148525843682,10.69,0.84
mid,r,3,1,m1,mid_r31m1,0.0096,0.0087,NA,NA,NA,0.00915,23.0601092896175,3.125,506.678909952607,36.061730744503,2.82051282051282,1.93,18.684834582644,13.25,0.8
mid,r,3,1,m2,mid_r31m2,0.0098,0.0106,NA,NA,NA,0.0102,20.6862745098039,9.75,504.28891509434,40.5818897637795,2.29487179487179,2.18,18.6155457632016,4.71,0.63
mid,r,3,2,m1,mid_r32m1,0.0084,0.0078,NA,NA,NA,0.0081,26.0493827160494,12.125,171.685483870968,35.518549953983,0.397435897435897,1.76,20.1809942920358,5.45,0.33
mid,r,3,2,m2,mid_r32m2,NA,NA,NA,NA,NA,NA,NA,NA,138.693069306931,41.1843231866947,4.08974358974359,2.26,18.2231518525198,5.52,0.3
mid,r,4,1,m1,mid_r41m1,0.0066,0.0075,NA,NA,NA,0.00705,29.9290780141844,2.625,NA,NA,NA,NA,NA,7.07,0.37
mid,r,4,1,m2,mid_r41m2,0.0091,0.0083,NA,NA,NA,0.0087,24.2528735632184,18.75,NA,NA,NA,NA,NA,7.11,0.5
mid,r,4,2,m1,mid_r42m1,0.0057,0.005,NA,NA,NA,0.00535,39.4392523364486,2.125,NA,NA,NA,NA,NA,,
mid,r,4,2,m2,mid_r42m2,0.0064,0.0056,NA,NA,NA,0.006,35.1666666666667,5.5,NA,NA,NA,NA,NA,5.02,0.3
mid,r,5,1,m1,mid_r51m1,0.0065,0.0048,NA,NA,NA,0.00565,37.3451327433628,12.75,2020.525,42.0417865567566,5.01282051282051,2.26,18.6025604233436,3.18,0.3
mid,r,5,1,m2,mid_r51m2,0.0058,0.0058,NA,NA,NA,0.0058,36.3793103448276,5,NA,NA,NA,NA,NA,7.09,0.73
mid,r,5,2,m1,mid_r52m1,0.0051,0.0045,NA,NA,NA,0.0048,43.9583333333333,2.5,800.139908256881,36.9099051741909,4.08974358974359,2.6,9.0249924877332,6.99,0.64
mid,r,5,2,m2,mid_r52m2,0.0045,0.0046,NA,NA,NA,0.00455,46.3736263736264,3,674.761961722488,38.6767181536412,4.08974358974359,2,9.45700318490286,6.18,0.47
mid,u,1,1,m1,mid_u11m1,0.0041,0.0049,NA,NA,NA,0.0045,46.8888888888889,1.33333333333333,1371.71,35.6452363636364,5.53846153846154,1.92826398852224,18.485662012987,5.5,0.4
mid,u,1,1,m2,mid_u11m2,0.0049,0.005,NA,NA,NA,0.00495,42.6262626262626,1.08333333333333,623.435643564357,34.2540565317036,4.66666666666667,2.26008968609865,15.1560607273213,6.09,0.23
mid,u,1,2,m1,mid_u12m1,0.0041,0.0051,NA,NA,NA,0.0046,45.8695652173913,6.5,968.327586206897,37.2928,5.25641025641026,2.87390029325513,12.976372244898,4.14,0.25
mid,u,1,2,m2,mid_u12m2,0.0023,0.002,NA,NA,NA,0.00215,98.1395348837209,3.46666666666667,652.59756097561,38.1165818181818,4.37179487179487,2.00796812749004,18.9826627705628,3.91,0.25
mid,u,2,1,m1,mid_u21m1,0.0047,0.0052,NA,NA,NA,0.00495,42.6262626262626,4,826.048543689321,33.4964304850356,NA,2.54048780487805,13.1850388813984,4.72,0.25
mid,u,2,1,m2,mid_u21m2,0.053,0.0039,NA,NA,NA,0.02845,7.41652021089631,0.4,1310.6961722488,34.522521129664,4.6025641025641,2.31724137931034,14.8981117970276,6.19,0.43
mid,u,2,2,m1,mid_u22m1,0.0039,0.0046,NA,NA,NA,0.00425,49.6470588235294,1.8,1064.95792079208,39.1757298701299,4.8974358974359,2.20087336244541,17.8000836116265,5.14,0.47
mid,u,2,2,m2,mid_u22m2,0.0037,0.0054,NA,NA,NA,0.00455,46.3736263736264,NA,596.338235294118,49.8848935064935,3.02564102564102,1.65680473372781,30.1090964378479,9.75,0.6
mid,u,3,1,m1,mid_u31m1,NA,NA,NA,NA,NA,NA,NA,2.2,NA,NA,NA,NA,NA,5.05,0.15
mid,u,3,1,m2,mid_u31m2,NA,NA,NA,NA,NA,NA,NA,NA,NA,NA,NA,NA,NA,5.93,0.4
mid,u,3,2,m1,mid_u32m1,0.0065,NA,NA,NA,NA,0.0065,32.4615384615385,1.66666666666667,630.087064676617,38.5229539088363,4.11538461538462,2.63529411764706,14.6180851886209,6.48,0.6
mid,u,3,2,m2,mid_u32m2,0.0065,0.0067,NA,NA,NA,0.0066,31.969696969697,5.375,652.894675925926,35.633900493145,3.08974358974359,2.49504950495049,14.2818410706653,4.58,0.34
mid,u,4,1,m1,mid_u41m1,0.0035,0.0034,NA,NA,NA,0.00345,61.1594202898551,0.625,820.706896551724,40.7056103896104,5.51282051282051,3.13864306784661,12.969174738795,5.54,0.33
mid,u,4,1,m2,mid_u41m2,0.0057,0.0058,NA,NA,NA,0.00575,36.695652173913,2.375,566.920792079208,40.1171948051948,4.57692307692308,3.0089552238806,13.332599464028,5.61,0.25
mid,u,4,2,m1,mid_u42m1,0.0068,0.0071,NA,NA,NA,0.00695,30.3597122302158,2.375,906.967661691542,40.4702441558442,3.1025641025641,2.34613466334165,17.2497533019701,5.6,0.33
mid,u,4,2,m2,mid_u42m2,NA,NA,NA,NA,NA,NA,NA,NA,909.411483253589,36.5877937386778,4.01282051282051,2.52,14.5189657693166,5.31,0.43
mid,u,5,1,m1,mid_u51m1,NA,NA,NA,NA,NA,NA,NA,NA,692.209112149533,37.8815902046671,4.21794871794872,NA,NA,6.13,0.34
mid,u,5,1,m2,mid_u51m2,NA,NA,NA,NA,NA,NA,NA,NA,705.614155251142,37.6889752961609,2.29487179487179,NA,NA,7.31,0.4
mid,u,5,2,m1,mid_u52m1,0.005,0.0048,NA,NA,NA,0.0049,43.0612244897959,4.375,918.112745098039,40.5879272727273,5.24358974358974,1.82698961937716,22.2157404958678,6.55,0.37
mid,u,5,2,m2,mid_u52m2,0.004,0.0042,NA,NA,NA,0.0041,51.4634146341463,1,186.110294117647,37.8690929623736,3.84615384615385,2.26,16.7562358240591,3.33,0.3
tiz,r,1,1,m1,tiz_r11m1,0.0105,0.01,0.0122,0.009,0.0059,0.00952,22.1638655462185,6.35,602.122596153846,42.2788076734399,26.875,2.37931034482759,17.7693539497066,9.48,0.75
tiz,r,1,1,m2,tiz_r11m2,NA,NA,NA,NA,NA,NA,NA,NA,1365.93684210526,42.7724352570506,23.125,2.71641791044776,15.7458964957274,10.56,0.74
tiz,r,1,2,m1,tiz_r12m1,NA,NA,NA,NA,NA,NA,NA,NA,631.230392156863,47.7862054776906,26,2.19402985074627,21.7801072585392,8.39,0.33
tiz,r,1,2,m2,tiz_r12m2,NA,NA,NA,NA,NA,NA,NA,NA,565.484803921569,43.8073791020113,36.75,1.96551724137931,22.2879648062865,6.43,0.33
tiz,r,2,1,m1,tiz_r21m1,0.0078,0.0081,0.0084,0.0097,0.0086,0.00852,24.7652582159624,5.7,1550.31067961165,42.8034203420342,21,2.29850746268657,18.6222672916642,6.21,0.5
tiz,r,2,1,m2,tiz_r21m2,0.0133,0.0103,0.0066,0.0073,0.0093,0.00936,22.542735042735,6.05,843.078846153846,45.8917946864269,13.375,2.18316831683168,21.0207313529665,7.75,0.75
tiz,r,2,2,m1,tiz_r22m1,0.0094,0.0085,0.0079,0.0078,0.01,0.00872,24.197247706422,3.05,906.595215311005,45.9868664009258,11.375,2.08955223880597,22.0080003490145,7.86,0.67
tiz,r,2,2,m2,tiz_r22m2,0.0081,0.012,0.0113,0.0143,0.0108,0.0113,18.6725663716814,6.35,1450.93640776699,42.6882375498517,11.25,2.68965517241379,15.8712678069962,2.53,0.16
tiz,r,3,1,m1,tiz_r31m1,0.0076,0.0058,0.0113,0.0093,0.0094,0.00868,24.3087557603687,1,660.036842105263,41.8900056465274,17.125,2.29850746268657,18.2248725864762,3.86,0.27
tiz,r,3,1,m2,tiz_r31m2,NA,NA,NA,NA,NA,NA,NA,NA,542.065853658537,46.2636877973512,49,2.29850746268657,20.127708327419,6.83,0.67
tiz,r,3,2,m1,tiz_r32m1,NA,NA,NA,NA,NA,NA,NA,NA,569.7355,45.2135075140969,54,2.205,20.5049920698852,3.84,0.3
tiz,r,3,2,m2,tiz_r32m2,0.0103,0.0099,0.0092,0.0099,0.0092,0.0097,21.7525773195876,8.6,472.015238095238,48.1061778142806,46.375,1.87128712871287,25.7075341758854,5.06,0.47
tiz,r,4,1,m1,tiz_r41m1,NA,NA,NA,NA,NA,NA,NA,NA,714.236585365854,43.1657184085756,29.875,3.08823529411765,13.9774707227768,6.2,0.6
tiz,r,4,1,m2,tiz_r41m2,NA,NA,NA,NA,NA,NA,NA,NA,737.719617224881,44.8795808152244,40.875,2.92537313432836,15.3414893603063,3.43,0.13
tiz,r,4,1,m1,tiz_r42m1,NA,NA,NA,NA,NA,NA,NA,NA,906.595215311005,44.5525716347145,36.625,2.45853658536585,18.121581716501,13.19,1.23
tiz,r,4,2,m2,tiz_r42m2,NA,NA,NA,NA,NA,NA,NA,NA,530.008212560387,45.3359505305827,47.375,2.31,19.6259526106419,5.44,0.3
tiz,r,5,1,m1,tiz_r51m1,NA,NA,NA,NA,NA,NA,NA,NA,391.710096153846,47.2773548585802,37.125,1.97524752475247,23.9349014572261,3.4,0.27
tiz,r,5,1,m2,tiz_r51m2,NA,NA,NA,NA,NA,NA,NA,NA,446.010096153846,44.1002001950619,51.5,1.97524752475247,22.3264171413597,16.11,1.41
tiz,r,5,2,m1,tiz_r52m1,NA,NA,NA,NA,NA,NA,NA,NA,277.768396226415,52.2850995158687,31.5,1.35820895522388,38.4956227204748,8.13,0.66
tiz,r,5,2,m2,tiz_r52m2,NA,NA,NA,NA,NA,NA,NA,NA,558.711483253589,46.8173305902019,50.5,2.19402985074627,21.3385112213845,5.93,0.3
tiz,u,1,1,m1,tiz_u11m1,0.0073,0.007,0.0077,0.0096,0.0076,0.00784,26.9132653061224,5.75,1413.2427184466,42.0351960910377,4.17948717948718,1.92238805970149,21.866134612574,3.34,0.17
tiz,u,1,1,m2,tiz_u11m2,0.0055,0.0066,0.0048,0.0048,0.007,0.00574,36.7595818815331,4.25,1416.57666666667,37.7468242694805,3.79487179487179,2.50746268656716,15.0537930122333,2.91,0.17
tiz,u,1,2,m1,tiz_u12m1,0.0056,0.0071,0.0064,0.0045,0.0047,0.00566,37.2791519434629,2.7,1179.06009615385,38.4600169061708,4.75641025641026,2.32871287128713,16.5155684843676,2.77,0.2
tiz,u,1,2,m2,tiz_u12m2,0.0056,0.0068,0.0059,0.0063,0.0058,0.00608,34.7039473684211,3.2,1757.72822966507,37.4372089449013,5,1.9960396039604,18.7557445606896,3.69,0.17
tiz,u,2,1,m1,tiz_u21m1,0.009,0.0098,0.0079,0.0064,0.006,0.00782,26.9820971867008,3,1396.18502415459,40.4596739213635,5.96153846153846,3.49306930693069,11.58284315776,4.6,0.4
tiz,u,2,1,m2,tiz_u21m2,0.0051,0.0079,0.0081,0.0095,0.0067,0.00746,28.28418230563,5.55,1906.33875598086,38.0805451465531,4.19230769230769,2.73103448275862,13.9436339551773,4.91,0.2
tiz,u,2,2,m1,tiz_u22m1,NA,NA,NA,NA,NA,NA,NA,NA,1116.0009569378,40.9422942862307,3.98717948717949,2.41188118811881,16.975253378117,6.31,0.3
tiz,u,2,2,m2,tiz_u22m2,NA,NA,NA,NA,NA,NA,NA,NA,1454.15748792271,38.9437427383749,4.92307692307692,1.848,21.073453862757,5.01,0.2
tiz,u,3,1,m1,tiz_u31m1,0.0056,0.0081,0.0092,0.0067,0.0075,0.00742,28.4366576819407,7.5,1868.99368932039,39.3782383285377,5.74358974358974,2.772,14.2057136827337,4.95,0.3
tiz,u,3,1,m2,tiz_u31m2,0.0057,0.0052,0.0051,0.0035,0.0061,0.00512,41.2109375,2.8,2179.62095238095,42.0281428058108,6.44871794871795,2.268,18.5309271630559,4.21,0.27
tiz,u,3,2,m1,tiz_u32m1,NA,NA,NA,NA,NA,NA,NA,NA,1743.81756097561,42.0281428058108,7.32051282051282,2.71764705882353,15.4649010324412,4.4,0.25
tiz,u,3,2,m2,tiz_u32m2,NA,NA,NA,NA,NA,NA,NA,NA,1246.138647343,45.8875558441558,5.79487179487179,2.41188118811881,19.0256286545966,6.44,0.25
tiz,u,4,1,m1,tiz_u41m1,NA,NA,NA,NA,NA,NA,NA,NA,1297.29082125604,46.7725743318558,4.80769230769231,2.71764705882353,17.2106875247088,5.54,0.24
tiz,u,4,1,m2,tiz_u41m2,NA,NA,NA,NA,NA,NA,NA,NA,1304.11111111111,43.4283086265405,5.6025641025641,2.016,21.5418197552284,6.74,0.37
tiz,u,4,2,m1,tiz_u42m1,NA,NA,NA,NA,NA,NA,NA,NA,1318.45621890547,52.2489160242148,3.69230769230769,1.72941176470588,30.2119582452943,7.33,0.33
tiz,u,4,2,m2,tiz_u42m2,NA,NA,NA,NA,NA,NA,NA,NA,1259.77922705314,42.0562358276644,5.61538461538462,2.57821782178218,16.3121344800081,6.4,0.37
tiz,u,5,1,m1,tiz_u51m1,0.0052,0.005,0.0049,0.0062,0.0056,0.00538,39.2193308550186,4.05,1137.01400966184,40.8865010717438,3.64102564102564,2.19402985074627,18.6353440258968,3.91,0.3
tiz,u,5,1,m2,tiz_u51m2,0.0087,0.0083,0.0068,0.0078,0.0083,0.00798,26.4411027568922,5.75,1173.37378640777,43.480208810797,5.11538461538462,2.50746268656716,17.3403213709726,5.54,0.37
tiz,u,5,2,m1,tiz_u52m1,0.0054,0.0045,0.0041,0.004,0.0035,0.0043,49.0697674418605,3.7,2098.48926829268,48.0197047000618,4.80769230769231,1.44827586206897,33.1564627690902,3.61,0.1
tiz,u,5,2,m2,tiz_u52m2,0.007,0.0056,0.0063,0.0059,0.0075,0.00646,32.6625386996904,3.4,864.202415458938,42.3588411588412,5.15384615384615,2.625,16.1367013938443,4.8,0.27
val,r,1,1,m1,val_r11m1,NA,NA,NA,NA,NA,NA,NA,NA,1281.33597285068,36.6829839451887,5.48717948717949,2.436,15.0586962008164,3.09,0.13
val,r,1,1,m2,val_r11m2,NA,NA,NA,NA,NA,NA,NA,NA,1399.11483253589,40.8277452170096,6.64102564102564,2.31724137931034,17.6191162394833,5.93,0.13
val,r,1,2,m1,val_r12m1,NA,NA,NA,NA,NA,NA,NA,NA,637.11201171875,40.1751288394146,4.96153846153846,2.15172413793103,18.6711335952408,4.22,0.37
val,r,1,2,m2,val_r12m2,NA,NA,NA,NA,NA,NA,NA,NA,2551.82019704434,40.9778534576969,7.7051282051282,2.08955223880597,19.6108298690407,4.95,0.34
val,r,2,1,m1,val_r21m1,0.0042,0.0072,0.0081,0.0078,0.0069,0.00684,30.8479532163743,1.65,1620.16148325359,36.7650827603769,5.28205128205128,3.59402985074627,10.2294873128956,8.14,0.64
val,r,2,1,m2,val_r21m2,0.0082,0.0101,0.0104,0.0107,0.0108,0.01004,21.0159362549801,4.5,2405.47119815668,39.0648379179875,6.69230769230769,3.76119402985075,10.3862862718459,5.6,0.46
val,r,2,2,m1,val_r22m1,0.0094,0.0068,0.0105,0.0069,0.009,0.00852,24.7652582159624,5.25,728.621138996139,43.8607226436929,4.46153846153846,2.57821782178218,17.012031440142,2.9,0.3
val,r,2,2,m2,val_r22m2,0.0106,0.0099,0.0091,0.0103,0.008,0.00958,22.0250521920668,4.25,368.065221579961,42.6902082044939,4.78205128205128,2.57821782178218,16.558030063955,5.41,0.36
val,r,3,1,m1,val_r31m1,0.0067,0.0077,0.0056,0.0086,0.0101,0.00774,27.2609819121447,1.21666666666667,837.453424657534,38.0805451465531,5.02564102564102,3.31034482758621,11.5034980130212,8.18,0.5
val,r,3,1,m2,val_r31m2,0.011,0.0078,0.0141,0.0086,0.0093,0.01016,20.7677165354331,2.1,1258.90745192308,42.2937323546019,4.5,1.58019801980198,26.764830625406,4.6,0.33
val,r,3,2,m1,val_r32m1,0.008,0.0084,0.0079,NA,NA,0.0081,26.0493827160494,3.66666666666667,806.540961538462,39.4531563863572,4.51282051282051,2.82772277227723,13.9522716912538,4.74,0.34
val,r,3,2,m2,val_r32m2,0.0048,0.0044,0.0048,0.0056,0.0059,0.0051,41.3725490196078,2.75,2109.31617647059,39.4051027712445,6.15384615384615,2.16237623762376,18.2230557687532,4.62,0.33
val,r,4,1,m1,val_r41m1,0.0091,0.0083,0.01,0.0106,0.0106,0.00972,21.7078189300412,3.4,368.775772200772,46.9623992608182,4.55128205128205,2.5910447761194,18.1248891156384,7.84,0.6
val,r,4,1,m2,val_r41m2,0.0068,0.0079,0.0074,0.0087,0.0086,0.00788,26.7766497461929,5.5,293.075831702544,42.7197685482834,4.05128205128205,2.32871287128713,18.3447985687782,6.24,0.43
val,r,4,1,m1,val_r42m1,0.0046,0.0052,0.0048,0.0045,0.0046,0.00474,44.5147679324895,2.28333333333333,449.890490196078,43.6601714491043,4.7948717948718,2.1,20.7905578329068,6.13,0.44
val,r,4,2,m2,val_r42m2,0.0077,0.0096,0.0081,0.0093,0.0067,0.00828,25.4830917874396,4.35,426.182233009709,45.4404204832496,4.38461538461538,2.41188118811881,18.8402400197382,10.48,0.64
val,r,5,1,m1,val_r51m1,NA,NA,NA,NA,NA,NA,NA,NA,1065.8471563981,40.4037724180581,6.17948717948718,3.09253731343284,13.0649264093141,3.89,0.3
val,r,5,1,m2,val_r51m2,NA,NA,NA,NA,NA,NA,NA,NA,811.803404669261,40.5519557670053,6.11538461538462,3.12941176470588,12.9583317300581,7.01,0.67
val,r,5,2,m1,val_r52m1,NA,NA,NA,NA,NA,NA,NA,NA,2133.68357487923,41.680768333463,7.51282051282051,2.15172413793103,19.3708698985646,9.48,0.76
val,r,5,2,m2,val_r52m2,NA,NA,NA,NA,NA,NA,NA,NA,3597.60817307692,42.0444569183273,6.1025641025641,2.15172413793103,19.5398918370432,5.72,0.4
val,u,1,1,m1,val_u11m1,0.0045,0.005,0.0053,0.0066,0.007,0.00568,37.1478873239437,1.15,599.673814229249,40.6860714923583,5.55128205128205,2.67462686567164,15.2118682477009,6.3,0.44
val,u,1,1,m2,val_u11m2,0.0112,0.0079,0.0108,0.0067,0.0091,0.00914,23.0853391684902,2.05,1050.31432038835,39.374876314162,8.25641025641026,2.74455445544554,14.3465458431832,6.96,0.13
val,u,1,2,m1,val_u12m1,0.0073,0.0059,0.005,0.0046,0.0057,0.0057,37.0175438596491,3.6,849.358349900597,28.8001990151303,4.80769230769231,2.436,11.8227417960305,4.42,0.17
val,u,1,2,m2,val_u12m2,0.0045,0.0051,0.0055,0.0043,0.0041,0.0047,44.8936170212766,0.3,1380.94704433498,36.1312333789471,4.76923076923077,3.0089552238806,12.0078999820905,2.93,0.13
val,u,2,1,m1,val_u21m1,0.0061,0.007,0.0053,0.0063,0.0064,0.00622,33.9228295819936,2.45,1182.58333333333,39.0282435513205,6.84615384615385,2.84179104477612,13.7336781404332,5.52,0.3
val,u,2,1,m2,val_u21m2,0.005,0.0044,0.0045,0.0034,0.0061,0.00468,45.0854700854701,2.1,710.754125736739,42.5512487512488,4.38461538461538,2.00597014925373,21.2123040649827,6.63,0.3
val,u,2,2,m1,val_u22m1,NA,NA,NA,NA,NA,NA,NA,NA,1218.87679425837,36.7039787250523,5.91025641025641,2.75820895522388,13.3071784338664,6.64,0.03
val,u,2,2,m2,val_u22m2,NA,NA,NA,NA,NA,NA,NA,NA,714.893230174081,36.6204888923452,3.80769230769231,2.15172413793103,17.0191374659938,6.09,0.23
val,u,3,1,m1,val_u31m1,0.0098,0.008,0.0073,0.007,0.0078,0.00798,26.4411027568922,2.6,624.466600397614,37.35098049361,2.32051282051282,2.23448275862069,16.7157165789304,2.53,0.17
val,u,3,1,m2,val_u31m2,0.0041,0.0046,0.0057,0.0042,0.0053,0.00478,44.1422594142259,3.85,778.978082191781,40.3579436373903,4.41025641025641,2.00597014925373,20.118915354949,3.81,0.17
val,u,3,2,m1,val_u32m1,NA,NA,NA,NA,NA,NA,NA,NA,1477.06547619048,41.236528224251,3.84615384615385,1.6551724137931,24.9137358021517,3.71,0.27
val,u,3,2,m2,val_u32m2,NA,NA,NA,NA,NA,NA,NA,NA,723.149903288201,39.4765266106443,4.07692307692308,1.596,24.734665796143,6.53,0.32
val,u,4,1,m1,val_u41m1,NA,NA,NA,NA,NA,NA,NA,NA,423.12119140625,37.891790261021,4.7948717948718,2.24554455445544,16.8742099486911,6.52,0.47
val,u,4,1,m2,val_u41m2,NA,NA,NA,NA,NA,NA,NA,NA,1145.19186046512,35.1002917559578,4.34615384615385,2.23448275862069,15.7084639031293,2.8,0.2
val,u,4,2,m1,val_u42m1,0.0072,0.0038,0.003,0.0038,0.0045,0.00446,47.3094170403587,2.65,870.55654296875,41.6420861190092,3.75641025641026,2.24554455445544,18.5443152470015,4.71,0.17
val,u,4,2,m2,val_u42m2,0.0096,0.011,0.0077,0.0081,0.0102,0.00932,22.6394849785408,3.95,602.159784735812,42.1272215973003,3.94871794871795,2.48275862068965,16.9679086989127,2.47,0.17
val,u,5,1,m1,val_u51m1,NA,NA,NA,NA,NA,NA,NA,NA,1129.66990291262,39.374876314162,6.06410256410256,2.57821782178218,15.2721294459691,1.6,0.07
val,u,5,1,m2,val_u51m2,NA,NA,NA,NA,NA,NA,NA,NA,760.78203125,33.8673579385042,5.29487179487179,2.57821782178218,13.1359568041049,4.63,0.3
val,u,5,2,m1,val_u52m1,0.0054,0.0059,0.0048,0.0047,0.0054,0.00524,40.2671755725191,1.4,725.930135658915,35.689276731174,5.11538461538462,3.04705882352941,11.7126969967173,3.76,0.13
val,u,5,2,m2,val_u52m2,0.0059,0.0052,0.0055,0.0063,0.0054,0.00566,37.2791519434629,4.9,819.477756286267,42.5809080683097,5.62820512820513,2.30588235294118,18.4662101316649,5.37,0.3
